Name	Cena	Zniżka	Stan	Kolor	Rodzaj	Marka	Faktura	Lącze
Smartwatch damski KW10 OLED DESIGN kroki puls cykl	139, 99 zł	-71%	Nowy	złoty	smartband	brak parametru	Wystawiam fakturę VAT	https://allegro.pl/oferta/smartwatch-damski-kw10-oled-design-kroki-puls-cykl-8276311080
Xiaomi Mi Band 5 Opaska Sportowa J.POLSKI + GRATIS	124, 80 zł	-58%	Nowy	czarny	smartwatch	brak parametru	Wystawiam fakturę VAT	https://allegro.pl/oferta/xiaomi-mi-band-5-opaska-sportowa-j-polski-gratis-10019354513
Baseus kabel USB-C Typ C Quick Charge 3.0 2A 200cm	20, 00 zł	-33%	Nowy	czarny	brak parametru	brak parametru	Wystawiam fakturę VAT	https://allegro.pl/oferta/baseus-kabel-usb-c-typ-c-quick-charge-3-0-2a-200cm-7848656208
Baseus uchwyt magnetyczny na telefon do kratki	29, 90 zł	-40%	Nowy	czarny	magnetyczny	brak parametru	Wystawiam fakturę VAT	https://allegro.pl/oferta/baseus-uchwyt-magnetyczny-na-telefon-do-kratki-7655527826
Huawei Watch GT 2 Pro Bezprzewodowy GPS czarny	946, 88 zł	-27%	Nowy	czarny	smartwatch	brak parametru	Wystawiam fakturę bez VAT	https://allegro.pl/oferta/huawei-watch-gt-2-pro-bezprzewodowy-gps-czarny-9838304781
Smartfon Xiaomi POCO X3 6/128 GB niebieski	899, 99 zł	-10%	Nowy	niebieski	inny	brak parametru	Nie wystawiam faktury	https://allegro.pl/oferta/smartfon-xiaomi-poco-x3-6-128-gb-niebieski-10053805898
ZEGAREK MĘSKI SMARTWATCH E3 PULS WODOODPORNY IP68	169, 99 zł	-66%	Nowy	czarny	smartwatch	brak parametru	Wystawiam fakturę VAT	https://allegro.pl/oferta/zegarek-meski-smartwatch-e3-puls-wodoodporny-ip68-10113237437
Smartwatch Huawei GT 2 Sport GPS 46MM czarny	594, 99 zł	-40%	Nowy	czarny	smartwatch	brak parametru	Wystawiam fakturę bez VAT	https://allegro.pl/oferta/smartwatch-huawei-gt-2-sport-gps-46mm-czarny-9726015123
BASEUS POWER-BANK USB-C PD 3xUSB 3A 30000mAh LED	99, 90 zł	-32%	Nowy	czarny	brak parametru	brak parametru	Wystawiam fakturę VAT	https://allegro.pl/oferta/baseus-power-bank-usb-c-pd-3xusb-3a-30000mah-led-8109612724
SMARTBAND SmartWatch OPASKA ZEGAREK PULSOMETR M3	25, 00 zł	-78%	Nowy	czarny	smartband	brak parametru	Wystawiam fakturę VAT	https://allegro.pl/oferta/smartband-smartwatch-opaska-zegarek-pulsometr-m3-8688226157
SMARTWATCH DAMSKI ZEGAREK DO IPHONE SAMSUNG HUAWEI	73, 99 zł	-58%	Nowy	różowy	smartwatch	brak parametru	Wystawiam fakturę VAT	https://allegro.pl/oferta/smartwatch-damski-zegarek-do-iphone-samsung-huawei-9507126480
Apple iPhone 8 / 64 GB / GRATISY / GWARANCJA	798, 99 zł	-71%	Używany	czerwony	LCD IPS	brak parametru	Wystawiam fakturę VAT-marża	https://allegro.pl/oferta/apple-iphone-8-64-gb-gratisy-gwarancja-8589054234
Baseus uchwyt samochodowy na telefon do kratki	40, 00 zł	-42%	Nowy	szary	na kratkę nawiewu	brak parametru	Wystawiam fakturę VAT	https://allegro.pl/oferta/baseus-uchwyt-samochodowy-na-telefon-do-kratki-7418442677
UCHWYT SAMOCHODOWY NA TELEFON ŁADOWARKA INDUKCJA S	27, 90 zł	-85%	Nowy	srebrny	na kratkę nawiewu	brak parametru	Wystawiam fakturę VAT	https://allegro.pl/oferta/uchwyt-samochodowy-na-telefon-ladowarka-indukcja-s-9146115036
UCHWYT STATYW STOJAK ELASTYCZNY DO TABLETU TELEFON	16, 89 zł	mega okazja	Nowy	brak parametru	elastyczny	brak parametru	Wystawiam fakturę VAT	https://allegro.pl/oferta/uchwyt-statyw-stojak-elastyczny-do-tabletu-telefon-10122903077
Apple iPhone 7	593, 99 zł	-57%	Używany	czarny	LCD IPS	brak parametru	Wystawiam fakturę VAT-marża	https://allegro.pl/oferta/apple-iphone-7-7915785964
SMARTWATCH MĘSKI ZEGAREK DO IPHONE SAMSUNG HUAWEI	137, 99 zł	-69%	Nowy	czarny	smartwatch	brak parametru	Wystawiam fakturę VAT	https://allegro.pl/oferta/smartwatch-meski-zegarek-do-iphone-samsung-huawei-10083393589
Smartfon Huawei P30 Pro / GWARANCJA / ORYGINAŁ	1 686, 99 zł	-35%	Powystawowy	niebieski	OLED	brak parametru	Wystawiam fakturę VAT	https://allegro.pl/oferta/smartfon-huawei-p30-pro-gwarancja-oryginal-10495541447
Apple iPhone X / ORYGINAŁ / GWARANCJA	1 447, 99 zł	-56%	Używany	szary	OLED	brak parametru	Wystawiam fakturę VAT-marża	https://allegro.pl/oferta/apple-iphone-x-oryginal-gwarancja-8903955225
SMARTBAND OPASKA SPORTOWA SMARTWATCH ZEGAREK M4	29, 00 zł	-75%	Nowy	czarny	smartband	brak parametru	Wystawiam fakturę VAT	https://allegro.pl/oferta/smartband-opaska-sportowa-smartwatch-zegarek-m4-8687678323
Baseus uchwyt samochodowy grawitacyjny do telefonu	29, 90 zł	-50%	Nowy	czarny	inny	brak parametru	Wystawiam fakturę VAT	https://allegro.pl/oferta/baseus-uchwyt-samochodowy-grawitacyjny-do-telefonu-7594760444
SMARTWATCH MĘSKI L16 do IOS XIAOMI HUAWEI SAMSUNG	209, 99 zł	-32%	Nowy	czarny	smartwatch	brak parametru	Wystawiam fakturę VAT	https://allegro.pl/oferta/smartwatch-meski-l16-do-ios-xiaomi-huawei-samsung-9613011516
Apple iPhone 8	849, 99 zł	-69%	Używany	złoty	LCD IPS	brak parametru	Wystawiam fakturę VAT-marża	https://allegro.pl/oferta/apple-iphone-8-9441690453
SMARTWATCH MĘSKI ZEGAREK DO IPHONE SAMSUNG HUAWEI	79, 99 zł	-80%	Nowy	czarny	smartwatch	brak parametru	Wystawiam fakturę VAT	https://allegro.pl/oferta/smartwatch-meski-zegarek-do-iphone-samsung-huawei-9982953251
Baseus Cafule kabel przewód 2M USB-C TYP-C QC 3.0	11, 59 zł	-61%	Nowy	czarny	brak parametru	brak parametru	Wystawiam fakturę VAT	https://allegro.pl/oferta/baseus-cafule-kabel-przewod-2m-usb-c-typ-c-qc-3-0-7792754609
SMARTWATCH DAMSKI SMARTBAND NA PREZENT KROKI PULS	94, 99 zł	-74%	Nowy	różowy	smartwatch	brak parametru	Wystawiam fakturę VAT	https://allegro.pl/oferta/smartwatch-damski-smartband-na-prezent-kroki-puls-10083170608
Smartfon Samsung Galaxy A40 / ORYGINAŁ / GWARANCJA	648, 99 zł	-35%	Powystawowy	niebieski	Super AMOLED	brak parametru	Wystawiam fakturę VAT	https://allegro.pl/oferta/smartfon-samsung-galaxy-a40-oryginal-gwarancja-10504881685
Baseus ładowarka sieciowa zasilacz 3xUSB 3.4A LCD	44, 90 zł	-35%	Nowy	czarny	brak parametru	brak parametru	Wystawiam fakturę VAT	https://allegro.pl/oferta/baseus-ladowarka-sieciowa-zasilacz-3xusb-3-4a-lcd-7727037793
Smartfon Samsung Galaxy A20e / GWARANCJA / SKLEP	494, 99 zł	-33%	Powystawowy	niebieski	Super AMOLED	brak parametru	Wystawiam fakturę VAT	https://allegro.pl/oferta/smartfon-samsung-galaxy-a20e-gwarancja-sklep-10505001321
SMARTBAND SMARTWATCH KROKI SMS TĘTNO +pasek gratis	84, 00 zł	mega okazja	Nowy	czarny	smartband	brak parametru	Wystawiam fakturę VAT	https://allegro.pl/oferta/smartband-smartwatch-kroki-sms-tetno-pasek-gratis-10242930776
SAMSUNG Note 10+ / 256GB / GWARANCJA / SKLEP	2 359, 99 zł	-45%	Powystawowy	srebrny	Super AMOLED	brak parametru	Wystawiam fakturę VAT-marża	https://allegro.pl/oferta/samsung-note-10-256gb-gwarancja-sklep-9816069478
Smartfon Xiaomi POCO X3 6 / 128 GB szary	899, 99 zł	-9%	Nowy	szary	LCD IPS	brak parametru	Nie wystawiam faktury	https://allegro.pl/oferta/smartfon-xiaomi-poco-x3-6-128-gb-szary-10131593664
SMARTWATCH SMARTBAND OPASKA Kingwear KW10 IP67	139, 99 zł	-71%	Nowy	srebrny	smartband	brak parametru	Wystawiam fakturę VAT	https://allegro.pl/oferta/smartwatch-smartband-opaska-kingwear-kw10-ip67-8276267564
Baseus Power Bank 10000mah PD 3.0 Quick Charge 3.0	59, 90 zł	-14%	Nowy	czarny	brak parametru	brak parametru	Wystawiam fakturę VAT	https://allegro.pl/oferta/baseus-power-bank-10000mah-pd-3-0-quick-charge-3-0-8823771171
UCHWYT GRAWITACYJNY NA TELEFON DO SAMOCHODU	10, 99 zł	-75%	Nowy	czarny	na kratkę nawiewu	brak parametru	Wystawiam fakturę VAT	https://allegro.pl/oferta/uchwyt-grawitacyjny-na-telefon-do-samochodu-8919230848
TYP-C KABEL QUICK CHARGE 3.0 SZYBKIE ŁADOWANIE	8, 39 zł	mega okazja	Nowy	czarny	brak parametru	brak parametru	Wystawiam fakturę VAT	https://allegro.pl/oferta/typ-c-kabel-quick-charge-3-0-szybkie-ladowanie-8745994003
ZEGAREK MĘSKI SMARTWATCH kroki puls EKG FIT	127, 42 zł	mega okazja	Nowy	czarny	smartwatch	brak parametru	Wystawiam fakturę VAT	https://allegro.pl/oferta/zegarek-meski-smartwatch-kroki-puls-ekg-fit-9947023502
WZMACNIANY KABEL MICRO USB DŁUGI OPLOT SOLIDNY	3, 29 zł	mega okazja	Nowy	fioletowy	brak parametru	brak parametru	Wystawiam fakturę VAT	https://allegro.pl/oferta/wzmacniany-kabel-micro-usb-dlugi-oplot-solidny-9787157358
Smartwatch damski DT88 IPS DESIGN kroki puls cykl	199, 90 zł	-59%	Nowy	złoty	smartwatch	brak parametru	Wystawiam fakturę VAT	https://allegro.pl/oferta/smartwatch-damski-dt88-ips-design-kroki-puls-cykl-8413287365
SMARTWATCH MĘSKI KW66 WODOODPORNY ZEGAREK IP68 APP	139, 99 zł	-75%	Nowy	wielokolorowy	smartwatch	brak parametru	Wystawiam fakturę VAT	https://allegro.pl/oferta/smartwatch-meski-kw66-wodoodporny-zegarek-ip68-app-10095798602
SMARTWATCH MĘSKI do IPHONE XIAOMI SAMSUNG HUAWEI	239, 77 zł	-24%	Nowy	czarny	smartwatch	brak parametru	Wystawiam fakturę VAT	https://allegro.pl/oferta/smartwatch-meski-do-iphone-xiaomi-samsung-huawei-10499096772
SMARTWATCH ZEGAREK SMART WATCH ANDROID GT08 METAL2	44, 99 zł	-69%	Nowy	srebrny	smartwatch	brak parametru	Wystawiam fakturę VAT	https://allegro.pl/oferta/smartwatch-zegarek-smart-watch-android-gt08-metal2-8966905655
SMARTWATCH ZEGAREK GT08 SMART WATCH ANDROID APARAT	48, 99 zł	-67%	Nowy	srebrny	smartwatch	brak parametru	Wystawiam fakturę VAT	https://allegro.pl/oferta/smartwatch-zegarek-gt08-smart-watch-android-aparat-10061745728
LEKKI STATYW DO TELEFONU UCHWY POZIOMICA +FUTERAŁ	40, 00 zł	-68%	Nowy	brak parametru	statyw	brak parametru	Wystawiam fakturę VAT	https://allegro.pl/oferta/lekki-statyw-do-telefonu-uchwy-poziomica-futeral-10165656735
SZYBKA ŁADOWARKA KABEL IPHONE 8 X XS XR 11 PRO	129, 00 zł	-34%	Nowy	biały	brak parametru	brak parametru	Wystawiam fakturę VAT	https://allegro.pl/oferta/szybka-ladowarka-kabel-iphone-8-x-xs-xr-11-pro-10149028515
Sony XPERIA XA2 5,2'' 3GB 32GB LTE QC NFC 23Mpx	379, 00 zł	-45%	Używany	czarny	LCD IPS	brak parametru	Wystawiam fakturę VAT	https://allegro.pl/oferta/sony-xperia-xa2-5-2-3gb-32gb-lte-qc-nfc-23mpx-10411502580
ZEGAREK smartwatch damski QW16 kroki puls SMS	119, 00 zł	-40%	Nowy	złoty	smartwatch	brak parametru	Wystawiam fakturę VAT	https://allegro.pl/oferta/zegarek-smartwatch-damski-qw16-kroki-puls-sms-10138405919
ZEGAREK SMARTWATCH GINO ROSSI CIŚNIENIE PULS KROKI	117, 00 zł	mega okazja	Nowy	różowy	smartwatch	brak parametru	Wystawiam fakturę VAT	https://allegro.pl/oferta/zegarek-smartwatch-gino-rossi-cisnienie-puls-kroki-9289242175
ŚWIETNY SMARTFON ALBA 4 3G 4'' 4x1,2 GHz + ETUI	119, 00 zł	-45%	Powystawowy	czarny	brak parametru	brak parametru	Wystawiam fakturę VAT	https://allegro.pl/oferta/swietny-smartfon-alba-4-3g-4-4x1-2-ghz-etui-10175167845
BEZPRZEWODOWA SŁUCHAWKA DO UCHA BLUETOOTH 5.0	59, 99 zł	mega okazja	Nowy	czarny	brak parametru	YL-6S	Wystawiam fakturę VAT	https://allegro.pl/oferta/bezprzewodowa-sluchawka-do-ucha-bluetooth-5-0-9070371096
SMARTWATCH MĘSKI ZEGAREK DO IPHONE SAMSUNG HUAWEI	259, 90 zł	-67%	Nowy	czarny	smartwatch	brak parametru	Wystawiam fakturę VAT	https://allegro.pl/oferta/smartwatch-meski-zegarek-do-iphone-samsung-huawei-10201307874
SMARTWATCH DAMSKI ZEGAREK DO IPHONE SAMSUNG HUAWEI	67, 99 zł	-86%	Nowy	wielokolorowy	smartwatch	brak parametru	Wystawiam fakturę VAT	https://allegro.pl/oferta/smartwatch-damski-zegarek-do-iphone-samsung-huawei-9968273356
TYP-C KABEL QUICK CHARGE 3.0 SZYBKIE ŁADOWANIE	5, 90 zł	-80%	Nowy	inny	brak parametru	brak parametru	Wystawiam fakturę VAT	https://allegro.pl/oferta/typ-c-kabel-quick-charge-3-0-szybkie-ladowanie-9844764788
Feegar BF300 Pro Słuchawka Bluetooth BT 5.0 HD 24h	126, 00 zł	mega okazja	Nowy	czarny	brak parametru	Feegar	Wystawiam fakturę VAT	https://allegro.pl/oferta/feegar-bf300-pro-sluchawka-bluetooth-bt-5-0-hd-24h-10487237243
BASEUS UCHWYT SAMOCHODOWY GRAWITACYJNY DO TELEFONU	24, 90 zł	-49%	Nowy	czarny	na szybę	brak parametru	Wystawiam fakturę VAT	https://allegro.pl/oferta/baseus-uchwyt-samochodowy-grawitacyjny-do-telefonu-7219968909
SMARTWATCH DLA DZIECI ZEGAREK APARAT GPS SIM	179, 00 zł	-21%	Nowy	niebieski	smartwatch dla dzieci	brak parametru	Wystawiam fakturę VAT	https://allegro.pl/oferta/smartwatch-dla-dzieci-zegarek-aparat-gps-sim-8500882984
SMARTWATCH DAMSKI SMARTBAND RONEBERG RD19 PULS	75, 65 zł	mega okazja	Nowy	czarny	smartband	brak parametru	Wystawiam fakturę VAT	https://allegro.pl/oferta/smartwatch-damski-smartband-roneberg-rd19-puls-9478501163
Zegarek SMARTWATCH Wodoodporny 2021 SIM KAMERA +PL	149, 00 zł	-6%	Nowy	czarny	brak parametru	brak parametru	Wystawiam fakturę VAT	https://allegro.pl/oferta/zegarek-smartwatch-wodoodporny-2021-sim-kamera-pl-10420609125
PowerBank Xiaomi Mi3 10000mAh 18W FastCharge USB-C	40, 00 zł	wyprzedaż	Nowy	srebrny	brak parametru	brak parametru	Wystawiam fakturę VAT	https://allegro.pl/oferta/powerbank-xiaomi-mi3-10000mah-18w-fastcharge-usb-c-10158610651
SZYBKA ŁADOWARKA SIECIOWA USB QUICK 3.0 Z KABLEM	29, 99 zł	wyprzedaż	Nowy	biały	brak parametru	brak parametru	Wystawiam fakturę VAT	https://allegro.pl/oferta/szybka-ladowarka-sieciowa-usb-quick-3-0-z-kablem-10590997790
Apple iPhone 6	334, 99 zł	-66%	Używany	szary	brak parametru	brak parametru	Wystawiam fakturę VAT-marża	https://allegro.pl/oferta/apple-iphone-6-6974926520
Smartwatch KW10 Smartband Damski Krokomierz	139, 99 zł	-71%	Nowy	wielokolorowy	smartwatch	brak parametru	Wystawiam fakturę VAT	https://allegro.pl/oferta/smartwatch-kw10-smartband-damski-krokomierz-8276289137
Smartfon Xiaomi POCO M3 4 / 64GB czarny	549, 99 zł	-26%	Nowy	czarny	LCD IPS	brak parametru	Nie wystawiam faktury	https://allegro.pl/oferta/smartfon-xiaomi-poco-m3-4-64gb-czarny-10203724357
SMARTWATCH GINO ROSSI CIŚNIENIE PULS KROKI SMS BOX	126, 00 zł	mega okazja	Nowy	czarny	smartwatch	brak parametru	Wystawiam fakturę VAT	https://allegro.pl/oferta/smartwatch-gino-rossi-cisnienie-puls-kroki-sms-box-10224405337
SMARTWATCH K9 ZEGAREK DAMSKI CIŚNIENIOMIERZ MESH	119, 00 zł	-48%	Nowy	wielokolorowy	brak parametru	brak parametru	Wystawiam fakturę VAT	https://allegro.pl/oferta/smartwatch-k9-zegarek-damski-cisnieniomierz-mesh-8515915337
SmartWatch DAMSKI PRESTIGE kroki puls kalorie PL	229, 99 zł	-61%	Nowy	złoty	smartwatch	brak parametru	Wystawiam fakturę VAT	https://allegro.pl/oferta/smartwatch-damski-prestige-kroki-puls-kalorie-pl-7879514591
ZESTAW SŁUCHAWKOWY BLUETOOTH 5.0 SŁUCHAWKA DO UCHA	38, 01 zł	mega okazja	Nowy	czarny	brak parametru	inna (Zestaw Blutooth)	Wystawiam fakturę VAT	https://allegro.pl/oferta/zestaw-sluchawkowy-bluetooth-5-0-sluchawka-do-ucha-9014897964
SMARTWATCH MĘSKI do IPHONE XIAOMI HUAWEI SAMSUNG	209, 99 zł	-8%	Nowy	czarny	smartwatch	brak parametru	Wystawiam fakturę VAT	https://allegro.pl/oferta/smartwatch-meski-do-iphone-xiaomi-huawei-samsung-9625871885
Baseus uchwyt samochodowy na tablet zagłówek 5-12'	44, 90 zł	-35%	Nowy	czarny	inny	brak parametru	Wystawiam fakturę VAT	https://allegro.pl/oferta/baseus-uchwyt-samochodowy-na-tablet-zaglowek-5-12-7437034469
Samsung Galaxy S9 / 64GB / ORYGINAŁ / GWARANCJA	928, 99 zł	-66%	Używany	czarny	Super AMOLED	brak parametru	Wystawiam fakturę VAT-marża	https://allegro.pl/oferta/samsung-galaxy-s9-64gb-oryginal-gwarancja-9406249697
SMARTWATCH ZEGAREK DO IPHONE SAMSUNG XIAOMI	129, 90 zł	-67%	Nowy	biały	smartwatch	brak parametru	Wystawiam fakturę VAT	https://allegro.pl/oferta/smartwatch-zegarek-do-iphone-samsung-xiaomi-10459169228
Apple iPhone 8 PLUS / 64 GB / GWARANCJA / ORYGINAŁ	1 098, 99 zł	-54%	Używany	złoty	LCD IPS	brak parametru	Wystawiam fakturę VAT-marża	https://allegro.pl/oferta/apple-iphone-8-plus-64-gb-gwarancja-oryginal-9441778274
BASEUS POWER BANK PD 15W 30000MAH 3XUSB 3A SZYBKI	96, 99 zł	-34%	Nowy	biały	brak parametru	brak parametru	Wystawiam fakturę VAT	https://allegro.pl/oferta/baseus-power-bank-pd-15w-30000mah-3xusb-3a-szybki-8297823965
Baseus mini ładowarka samochodwa szybka 2xUSB 3.1A	26, 90 zł	-46%	Nowy	czarny	brak parametru	Baseus	Wystawiam fakturę VAT	https://allegro.pl/oferta/baseus-mini-ladowarka-samochodwa-szybka-2xusb-3-1a-7667222763
Smartfon Xiaomi Redmi Note 9 Pro 6 / 64 GB biały	889, 00 zł	-1%	Nowy	biały	brak parametru	brak parametru	Nie wystawiam faktury	https://allegro.pl/oferta/smartfon-xiaomi-redmi-note-9-pro-6-64-gb-bialy-10413457925
Kabel Green Cell GC RAY LED 1,2m USB - Type USB-C	24, 95 zł	-50%	Nowy	czarny	brak parametru	brak parametru	Wystawiam fakturę VAT	https://allegro.pl/oferta/kabel-green-cell-gc-ray-led-1-2m-usb-type-usb-c-8506632986
Kabel USB typ C - USB typ C Baseus 2 m	12, 65 zł	mega okazja	Nowy	czarny	brak parametru	brak parametru	Wystawiam fakturę VAT	https://allegro.pl/oferta/kabel-usb-typ-c-usb-typ-c-baseus-2-m-10542139602
Baseus uchwyt samochodowy magnetyczny do telefonu	40, 00 zł	-19%	Nowy	czarny	magnetyczny	brak parametru	Wystawiam fakturę VAT	https://allegro.pl/oferta/baseus-uchwyt-samochodowy-magnetyczny-do-telefonu-7664931454
HUAWEI Watch GT 2 Sport 46mm DlaAndroid iOS czarny	595, 99 zł	-40%	Nowy	czarny	smartwatch	brak parametru	Wystawiam fakturę bez VAT	https://allegro.pl/oferta/huawei-watch-gt-2-sport-46mm-dlaandroid-ios-czarny-9459355581
BASEUS SZYBKI KABEL USB-C LIGHTNING DO IPHONE PD	31, 90 zł	-20%	Nowy	biały	brak parametru	brak parametru	Wystawiam fakturę VAT	https://allegro.pl/oferta/baseus-szybki-kabel-usb-c-lightning-do-iphone-pd-8826989430
BASEUS UCHWYT SAMOCHODOWY Z ŁADOWARKĄ INDUKCYJNĄ	69, 90 zł	-41%	Nowy	czarny	na kratkę nawiewu	brak parametru	Wystawiam fakturę VAT	https://allegro.pl/oferta/baseus-uchwyt-samochodowy-z-ladowarka-indukcyjna-7904563022
Baseus ładowarka zasilacz 3xUSB 3.4A	44, 90 zł	-35%	Nowy	biały	brak parametru	brak parametru	Wystawiam fakturę VAT	https://allegro.pl/oferta/baseus-ladowarka-zasilacz-3xusb-3-4a-7664575559
ETUI OBUDOWA CASE DO IPHONE 12 / 12 PRO + SZKŁO 9H	9, 99 zł	-50%	Nowy	bezbarwny	brak parametru	brak parametru	Wystawiam fakturę VAT	https://allegro.pl/oferta/etui-obudowa-case-do-iphone-12-12-pro-szklo-9h-9813729475
Smartfon Xiaomi POCO M3 4 / 128GB niebieski	579, 00 zł	-22%	Nowy	niebieski	brak parametru	brak parametru	Nie wystawiam faktury	https://allegro.pl/oferta/smartfon-xiaomi-poco-m3-4-128gb-niebieski-10184362596
BASEUS UCHWYT SAMOCHODOWY Z ŁADOWARKĄ INDUKCYJNĄ	69, 90 zł	-53%	Nowy	czarny	na szybę	brak parametru	Wystawiam fakturę VAT	https://allegro.pl/oferta/baseus-uchwyt-samochodowy-z-ladowarka-indukcyjna-7975820386
BASEUS ŁADOWARKA SAMOCHODOWA SZYBKA 2x USB 3.1A	26, 90 zł	-46%	Nowy	czarny	brak parametru	Baseus	Wystawiam fakturę VAT	https://allegro.pl/oferta/baseus-ladowarka-samochodowa-szybka-2x-usb-3-1a-7660791623
PODSTAWKA POD TELEFON TABLET UCHWYT STOJAK MOC	7, 49 zł	mega okazja	Nowy	brak parametru	brak parametru	brak parametru	Wystawiam fakturę VAT	https://allegro.pl/oferta/podstawka-pod-telefon-tablet-uchwyt-stojak-moc-9580944012
Smartfon Xiaomi Redmi Note 9T 5G 4/128GB fioletowy	899, 99 zł	-24%	Nowy	fioletowy	brak parametru	brak parametru	Nie wystawiam faktury	https://allegro.pl/oferta/smartfon-xiaomi-redmi-note-9t-5g-4-128gb-fioletowy-10191579451
SMARTWATCH MĘSKI ZEGAREK DO IPHONE SAMSUNG HUAWEI	199, 90 zł	-75%	Nowy	czarny	smartwatch	brak parametru	Wystawiam fakturę VAT	https://allegro.pl/oferta/smartwatch-meski-zegarek-do-iphone-samsung-huawei-10248526072
Apple iPhone XR 64GB /Kolory +Indukcja +Certyfikat	1 799, 00 zł	-28%	Powystawowy	czerwony	Retina	brak parametru	Wystawiam fakturę VAT-marża	https://allegro.pl/oferta/apple-iphone-xr-64gb-kolory-indukcja-certyfikat-9440586421
BASEUS UCHWYT SAMOCHODOWY GRAWITACYJNY DO TELEFONU	29, 90 zł	-38%	Nowy	czarny	na kratkę nawiewu	brak parametru	Wystawiam fakturę VAT	https://allegro.pl/oferta/baseus-uchwyt-samochodowy-grawitacyjny-do-telefonu-7934350725
OnePlus Nord N10 5G 6/128GB 6,49" NFC Czarny	1 099, 00 zł	-57%	Nowy	czarny	LCD IPS	brak parametru	Wystawiam fakturę bez VAT	https://allegro.pl/oferta/oneplus-nord-n10-5g-6-128gb-6-49-nfc-czarny-9941398717
BASEUS ŁADOWARKA SAMOCHODOWA 2xUSB + KABEL TYP-C	40, 00 zł	-42%	Nowy	czarny	brak parametru	Baseus	Wystawiam fakturę VAT	https://allegro.pl/oferta/baseus-ladowarka-samochodowa-2xusb-kabel-typ-c-7519304798
Honor Watch GS Pro Smart Watch Heart Rate Czarny	839, 00 zł	-8%	Nowy	czarny	brak parametru	brak parametru	Wystawiam fakturę bez VAT	https://allegro.pl/oferta/honor-watch-gs-pro-smart-watch-heart-rate-czarny-9736910149
BAOFENG 2x KRÓTKOFALÓWKI BF-888s WALKIE TALKIE PMR	87, 00 zł	-27%	Nowy	brak parametru	brak parametru	Baofeng	Wystawiam fakturę VAT	https://allegro.pl/oferta/baofeng-2x-krotkofalowki-bf-888s-walkie-talkie-pmr-9704135581
iPhone 11 Pro 256GB /Kolory+ Indukcja+ Certyfikat	3 699, 00 zł	-28%	Powystawowy	szary	OLED	brak parametru	Wystawiam fakturę VAT-marża	https://allegro.pl/oferta/iphone-11-pro-256gb-kolory-indukcja-certyfikat-9711589080
Smartfon Archos Diamond Gamma 5,5'' 3RAM 32GB LTE	299, 00 zł	-50%	Powystawowy	czarny	LCD IPS	brak parametru	Wystawiam fakturę VAT	https://allegro.pl/oferta/smartfon-archos-diamond-gamma-5-5-3ram-32gb-lte-9935062483
Smartwatch damski KW10 OLED DESIGN kroki puls cykl	139, 99 zł	-71%	Nowy	złoty	smartwatch	brak parametru	Wystawiam fakturę VAT	https://allegro.pl/oferta/smartwatch-damski-kw10-oled-design-kroki-puls-cykl-10252801814
APPLE IPHONE 8 64 GB KOLORY Bateria 100% Premium	1 199, 00 zł	-35%	Nowy	szary	LCD IPS	brak parametru	Wystawiam fakturę bez VAT	https://allegro.pl/oferta/apple-iphone-8-64-gb-kolory-bateria-100-premium-10162639395
Smartwatch damski KW20 Mesh kroki puls cykl	128, 99 zł	-78%	Nowy	złoty	smartband	brak parametru	Wystawiam fakturę VAT	https://allegro.pl/oferta/smartwatch-damski-kw20-mesh-kroki-puls-cykl-8444814162
NÓŻ SKŁADANY SPRĘŻYNOWY SCYZORYK TAKTYCZNY AUTOMAT	11, 99 zł	-86%	Nowy	brak parametru	sprężynowe	inna	Wystawiam fakturę VAT	https://allegro.pl/oferta/noz-skladany-sprezynowy-scyzoryk-taktyczny-automat-10114135832
SAPERKA SURVIVAL WOJSKO NIEZBĘDNIK 7W1 SV-MUL001BK	69, 00 zł	-53%	Nowy	brak parametru	składane	inna marka (SV-MUL001BK)	Wystawiam fakturę VAT	https://allegro.pl/oferta/saperka-survival-wojsko-niezbednik-7w1-sv-mul001bk-9721006310
LC5 LATARKA CZOŁOWA 3 x LED T6 CREE CZOŁÓWKA MOCNA	33, 99 zł	mega okazja	Nowy	czarny	czołowe	inna marka (Inna)	Wystawiam fakturę VAT	https://allegro.pl/oferta/lc5-latarka-czolowa-3-x-led-t6-cree-czolowka-mocna-9517905095
NÓŻ SPRĘŻYNOWY SKŁADANY SCYZORYK TAKTYCZNY AUTOMAT	12, 99 zł	-85%	Nowy	brak parametru	sprężynowe	inna	Wystawiam fakturę VAT	https://allegro.pl/oferta/noz-sprezynowy-skladany-scyzoryk-taktyczny-automat-9983533072
WALIZKA PODRÓŻNA KABINOWA 18 SOLID RYANAIR WIZZAIR	89, 00 zł	-50%	Nowy	czarny, miedziany, szary, zielony, żółty	walizki twarde	inna	Wystawiam fakturę VAT	https://allegro.pl/oferta/walizka-podrozna-kabinowa-18-solid-ryanair-wizzair-7391319530
LATARKA CZOŁOWA LED ZOOM LAMPKA NA GŁOWE CZOŁÓWKA	34, 90 zł	-65%	Nowy	czarny	czołowe	inna marka (inna - marka)	Wystawiam fakturę VAT	https://allegro.pl/oferta/latarka-czolowa-led-zoom-lampka-na-glowe-czolowka-10138624846
Latarka Taktyczna Policyjna LED CREE XML-T6 - ZOOM	33, 96 zł	mega okazja	Nowy	czarny	klasyczne	inna marka (inna)	Wystawiam fakturę VAT	https://allegro.pl/oferta/latarka-taktyczna-policyjna-led-cree-xml-t6-zoom-9149004846
NÓŻ MOTYLKOWY TRENINGOWY TĘPY MOTYLEK DO TRENINGU	29, 99 zł	-74%	Nowy	brak parametru	treningowe	inna marka (SD)	Wystawiam fakturę VAT	https://allegro.pl/oferta/noz-motylkowy-treningowy-tepy-motylek-do-treningu-10158404888
MOCNA LATARKA WOJSKOWA XML-T6 COB 9W ZASIĘG 1KM	40, 95 zł	mega okazja	Nowy	czarny	wielofunkcyjne	inna marka (in)	Wystawiam fakturę VAT	https://allegro.pl/oferta/mocna-latarka-wojskowa-xml-t6-cob-9w-zasieg-1km-9986330741
ŁÓŻKO TURYSTYCZNE POLOWE 80x190 SKŁADANE MATERAC !	279, 90 zł	-53%	Nowy	wielokolorowy	łóżko z materacem	brak parametru	Wystawiam fakturę VAT	https://allegro.pl/oferta/lozko-turystyczne-polowe-80x190-skladane-materac-7412134181
LATARKA CZOŁOWA MOCNA na AKUMULATOR Wodoodporna	45, 99 zł	-42%	Nowy	czarny	czołowe	inna marka (Gotel)	Wystawiam fakturę VAT	https://allegro.pl/oferta/latarka-czolowa-mocna-na-akumulator-wodoodporna-10487298006
NÓŻ MOTYLKOWY TRENINGOWY TĘPY MOTYLEK DO TRENINGU	18, 99 zł	mega okazja	Nowy	brak parametru	treningowe	inna marka (inna)	Wystawiam fakturę VAT	https://allegro.pl/oferta/noz-motylkowy-treningowy-tepy-motylek-do-treningu-10012416226
Multitool ROXON Storm S801 - 16 w jednym+Etui+BITY	149, 99 zł	-40%	Nowy	brak parametru	brak parametru	Roxon	Wystawiam fakturę VAT	https://allegro.pl/oferta/multitool-roxon-storm-s801-16-w-jednym-etui-bity-7299787310
XXL DUŻA WALIZKA PODRÓŻNA TORBA BAGAŻ 910 KÓŁKA	129, 00 zł	-42%	Nowy	bezbarwny, biały, brązowy, czarny, czerwony, ecru, fioletowy, granatowy, miedziany, pomarańczowy, różowy, szary, zielony, żółty, wielokolorowy, inny kolor	walizki twarde	RGL	Wystawiam fakturę VAT	https://allegro.pl/oferta/xxl-duza-walizka-podrozna-torba-bagaz-910-kolka-9511239977
NAMIOT PLAŻOWY PRZEBIERALNIA PRYSZNIC TOALETA WC	94, 89 zł	-47%	Nowy	niebieski	turystyczne	Inny producent (Gotel)	Wystawiam fakturę VAT	https://allegro.pl/oferta/namiot-plazowy-przebieralnia-prysznic-toaleta-wc-10224833590
Plecak turystyczny Hi-Tec Aruba 35l czarny	139, 99 zł	-6%	Nowy	czarny	brak parametru	Hi-Tec	Wystawiam fakturę VAT	https://allegro.pl/oferta/plecak-turystyczny-hi-tec-aruba-35l-czarny-9722322883
WALIZKA DUŻA PODRÓŻNA KÓŁKA BAGAŻ TORBA EXCLUSIVE	93, 60 zł	mega okazja	Nowy	GRANATOWY	walizki twarde	Bagia	Wystawiam fakturę VAT	https://allegro.pl/oferta/walizka-duza-podrozna-kolka-bagaz-torba-exclusive-8356022961
801 RGL ŚREDNIA XL WALIZKA PODRÓŻNA na KÓŁKACH	64, 14 zł	-46%	Nowy	bezbarwny, biały, brązowy, czarny, czerwony, ecru, fioletowy, granatowy, miedziany, niebieski, pomarańczowy, różowy, szary, zielony, żółty, wielokolorowy, inny kolor	walizki miękkie	RGL	Wystawiam fakturę VAT	https://allegro.pl/oferta/801-rgl-srednia-xl-walizka-podrozna-na-kolkach-7152798022
WALIZKA ŚREDNIA PODRÓŻNA KÓŁKA BAGAŻ EXCLUSIVE 808	78, 48 zł	mega okazja	Nowy	GRANATOWY	walizki twarde	inna (BAGIA)	Wystawiam fakturę VAT	https://allegro.pl/oferta/walizka-srednia-podrozna-kolka-bagaz-exclusive-808-8384281279
773 WALIZKA PODRÓŻNA KUFEREK BAGAŻ KÓŁKA TORBA	109, 00 zł	-35%	Nowy	biały, brązowy, czarny, czerwony, ecru, fioletowy, granatowy, khaki, niebieski, pomarańczowy, różowy, szary, zielony, żółty, wielokolorowy	walizki miękkie	RGL	Wystawiam fakturę VAT	https://allegro.pl/oferta/773-walizka-podrozna-kuferek-bagaz-kolka-torba-8033972730
NAMIOT SAMOROZKŁADAJĄCY 4 OSOBOWY TURYSTYCZNY MORO	149, 00 zł	-50%	Nowy	zielony	turystyczne	Easy Camp	Wystawiam fakturę VAT	https://allegro.pl/oferta/namiot-samorozkladajacy-4-osobowy-turystyczny-moro-10465290104
DUŻA WALIZKA PODRÓŻNA BAGAŻ KOŁA TORBA KÓŁKA XXL	139, 90 zł	-53%	Nowy	pomarańczowy, srebrny, wielokolorowy	walizki twarde	inna (STERNHOFF)	Wystawiam fakturę VAT	https://allegro.pl/oferta/duza-walizka-podrozna-bagaz-kola-torba-kolka-xxl-9552845573
88L TORBA RGL PODRÓŻNA TURYSTYCZNA BAGAŻ sportowa	45, 00 zł	-49%	Nowy	biały, brązowy, czarny, czerwony, ecru, fioletowy, granatowy, khaki, miedziany, niebieski, pomarańczowy, różowy, szary, zielony, żółty, wielokolorowy	podróżna	inna (RGL)	Wystawiam fakturę VAT	https://allegro.pl/oferta/88l-torba-rgl-podrozna-turystyczna-bagaz-sportowa-7815708832
Multitool Roxon SPARKLE CM1349 - 14 w jednym +Etui	99, 00 zł	-33%	Nowy	brak parametru	brak parametru	Roxon	Wystawiam fakturę VAT	https://allegro.pl/oferta/multitool-roxon-sparkle-cm1349-14-w-jednym-etui-7508855858
NÓŻ MOTYLKOWY MOTYLEK SKŁADANY OSTRY SOLIDNY CS:GO	16, 99 zł	mega okazja	Nowy	brak parametru	motylkowe	Allenett	Wystawiam fakturę VAT	https://allegro.pl/oferta/noz-motylkowy-motylek-skladany-ostry-solidny-cs-go-10151004530
BAGNET M9 CS:GO NÓŻ RAINBOW #	59, 99 zł	-25%	Nowy	brak parametru	taktyczne	inna marka (Kalibo)	Wystawiam fakturę VAT	https://allegro.pl/oferta/bagnet-m9-cs-go-noz-rainbow-9647581077
DUŻY TERMOS STALOWY DO KAWY HERBATY TURYSTYCZNY	25, 49 zł	mega okazja	Nowy	srebrny	brak parametru	inna marka (Inna)	Wystawiam fakturę VAT	https://allegro.pl/oferta/duzy-termos-stalowy-do-kawy-herbaty-turystyczny-9629521609
DUŻA TORBA TERMICZNA TURYSTYCZNA XXL WKŁADY GRATIS	41, 56 zł	mega okazja	Nowy	niebieski	torba	inna marka (STERNHOFF)	Wystawiam fakturę VAT	https://allegro.pl/oferta/duza-torba-termiczna-turystyczna-xxl-wklady-gratis-10148027084
TERMOS OBIADOWY NA ZUPĘ ŻYWNOŚĆ POJEMNIK TERMICZNY	19, 49 zł	mega okazja	Nowy	wielokolorowy	brak parametru	inna marka (Inna marka (SD))	Wystawiam fakturę VAT	https://allegro.pl/oferta/termos-obiadowy-na-zupe-zywnosc-pojemnik-termiczny-10034087595
ŚREDNIA WALIZKA PODRÓŻNA BAGAŻ TORBA 4 KOŁA 304 M	99, 99 zł	-50%	Nowy	szary, srebrny	walizki twarde	Wings	Wystawiam fakturę VAT	https://allegro.pl/oferta/srednia-walizka-podrozna-bagaz-torba-4-kola-304-m-7316582881
TURYSTYCZNY STOLIK KEMPINGOWY SKŁADANY +4 KRZESŁA	149, 00 zł	-21%	Nowy	biały	brak parametru	brak parametru	Wystawiam fakturę VAT	https://allegro.pl/oferta/turystyczny-stolik-kempingowy-skladany-4-krzesla-10454183234
S MAŁA WALIZKA KABINOWA TORBA PODRÓŻNA WINGS 147 S	89, 99 zł	-62%	Nowy	brązowy, złoty	walizki twarde	Wings	Wystawiam fakturę VAT	https://allegro.pl/oferta/s-mala-walizka-kabinowa-torba-podrozna-wings-147-s-8120908096
LATARKA POLICYJNA TAKTYCZNA LED CREE XML-T6 - ZOOM	32, 90 zł	mega okazja	Nowy	czarny	klasyczne	inna marka (DAS)	Wystawiam fakturę VAT	https://allegro.pl/oferta/latarka-policyjna-taktyczna-led-cree-xml-t6-zoom-9661861841
LATARKA LAMPA CZOŁOWA CZOŁÓWKA LED USB VAYOX	44, 90 zł	-49%	Nowy	czarny	czołowe	Vayox	Wystawiam fakturę VAT	https://allegro.pl/oferta/latarka-lampa-czolowa-czolowka-led-usb-vayox-8987515606
XL DUŻA WALIZKA PODRÓŻNA WINGS TORBA BAGAŻ 147 XL	129, 99 zł	-35%	Nowy	Wings	walizki twarde	Wings	Wystawiam fakturę VAT	https://allegro.pl/oferta/xl-duza-walizka-podrozna-wings-torba-bagaz-147-xl-8770070169
SAPERKA SKŁADANA KILOF ŁOPATA POKROWIEC DUŻA ETUI	21, 99 zł	mega okazja	Nowy	brak parametru	składane	inna marka (Verk Group)	Wystawiam fakturę VAT	https://allegro.pl/oferta/saperka-skladana-kilof-lopata-pokrowiec-duza-etui-10466830604
WALIZKA DUZA PODRÓŻNA KÓŁKA BAGIA 15 WZORÓW XXL	121, 84 zł	mega okazja	Nowy	GRANATOWY	walizki twarde	inna	Wystawiam fakturę VAT	https://allegro.pl/oferta/walizka-duza-podrozna-kolka-bagia-15-wzorow-xxl-7276234655
Nóż składany scyzoryk ostrze z tytanu LAGUIOLE	122, 40 zł	mega okazja	Nowy	brak parametru	turystyczne	Laguiole	Wystawiam fakturę VAT	https://allegro.pl/oferta/noz-skladany-scyzoryk-ostrze-z-tytanu-laguiole-9652545092
NIEZBĘDNIK TURYSTYCZNY 6w1 SZTUĆCE OTWIERACZ	9, 99 zł	wyprzedaż	Nowy	srebrny	niezbędnik	inna marka (SX)	Wystawiam fakturę VAT	https://allegro.pl/oferta/niezbednik-turystyczny-6w1-sztucce-otwieracz-9014746066
C9 RGL torba do samolotu podróżna bagaż + GRATIS	29, 99 zł	-66%	Nowy	biały, brązowy, czarny, czerwony, ecru, fioletowy, granatowy, niebieski, pomarańczowy, różowy, szary, zielony, żółty, wielokolorowy, inny kolor	podróżna	inna	Wystawiam fakturę VAT	https://allegro.pl/oferta/c9-rgl-torba-do-samolotu-podrozna-bagaz-gratis-7525765778
TOALETA TURYSTYCZNA PRZENOŚNE WC KIBEL NA DZIAŁKE	205, 99 zł	mega okazja	Nowy	brak parametru	chemiczne	Gotel	Wystawiam fakturę VAT	https://allegro.pl/oferta/toaleta-turystyczna-przenosne-wc-kibel-na-dzialke-10470952856
WALIZKA ŚREDNIA PODRÓŻNA KÓŁKA BAGIA 15 X KOLOR XL	75, 54 zł	mega okazja	Nowy	inny kolor	walizki twarde	Bagia	Wystawiam fakturę VAT	https://allegro.pl/oferta/walizka-srednia-podrozna-kolka-bagia-15-x-kolor-xl-7440259371
801 RGL DUŻA XXL WALIZKA PODRÓŻNA na KÓŁKACH TORBA	89, 75 zł	-43%	Nowy	bezbarwny, biały, brązowy, czarny, czerwony, ecru, fioletowy, granatowy, miedziany, niebieski, pomarańczowy, różowy, szary, zielony, żółty, wielokolorowy, inny kolor	walizki miękkie	RGL	Wystawiam fakturę VAT	https://allegro.pl/oferta/801-rgl-duza-xxl-walizka-podrozna-na-kolkach-torba-7152939267
WALIZKA ŚREDNIA PODRÓŻNA KÓŁKA BAGIA 20 X WZÓR XL	113, 24 zł	mega okazja	Nowy	GRANATOWY	walizki twarde	inna	Wystawiam fakturę VAT	https://allegro.pl/oferta/walizka-srednia-podrozna-kolka-bagia-20-x-wzor-xl-7281528723
ŚREDNIA WALIZKA PODRÓŻNA BAGAŻ KOŁA TORBA KÓŁKA	95, 90 zł	-61%	Nowy	srebrny, wielokolorowy	walizki twarde	inna (STERNHOFF)	Wystawiam fakturę VAT	https://allegro.pl/oferta/srednia-walizka-podrozna-bagaz-kola-torba-kolka-9552843186
140L TORBA REVERSE PODRÓŻNA SPORTOWA BAGAŻ POLSKA	59, 49 zł	-55%	Nowy	biały, brązowy, czarny, czerwony, ecru, fioletowy, granatowy, khaki, miedziany, niebieski, pomarańczowy, różowy, szary, zielony, żółty, wielokolorowy, inny kolor	podróżna	inna (reverse)	Wystawiam fakturę VAT	https://allegro.pl/oferta/140l-torba-reverse-podrozna-sportowa-bagaz-polska-8908937251
Plecak turystyczny 40L Góry Trekkingowy +Pokrowiec	189, 00 zł	-24%	Nowy	khaki	brak parametru	Karrimor	Wystawiam fakturę VAT	https://allegro.pl/oferta/plecak-turystyczny-40l-gory-trekkingowy-pokrowiec-8845788588
A2 DUŻA TORBA PODRÓŻNA 3x KÓŁKA BAGAŻ walizka 125L	92, 54 zł	-48%	Nowy	bezbarwny, biały, brązowy, czarny, czerwony, ecru, fioletowy, granatowy, miedziany, niebieski, pomarańczowy, różowy, szary, zielony, żółty, wielokolorowy, inny kolor	walizki miękkie	RGL	Wystawiam fakturę VAT	https://allegro.pl/oferta/a2-duza-torba-podrozna-3x-kolka-bagaz-walizka-125l-8139910259
Plecak WOJSKOWY taktyczny TURYSTYCZNY 50L Olive	99, 90 zł	mega okazja	Nowy	zielony	brak parametru	Inny producent (Inny producent|Inny)	Wystawiam fakturę VAT	https://allegro.pl/oferta/plecak-wojskowy-taktyczny-turystyczny-50l-olive-9687504765
88 DUŻA xxl WALIZKA NA KÓŁKACH PODRÓŻNA TORBA ABS	135, 00 zł	-45%	Nowy	biały, brązowy, czarny, czerwony, ecru, fioletowy, granatowy, miedziany, niebieski, pomarańczowy, różowy, szary, zielony, żółty	walizki twarde	RGL	Wystawiam fakturę VAT	https://allegro.pl/oferta/88-duza-xxl-walizka-na-kolkach-podrozna-torba-abs-7847490726
Nóż składany scyzoryk stal drewno LAGUIOLE	99, 50 zł	-47%	Nowy	brak parametru	turystyczne	Laguiole	Wystawiam fakturę VAT	https://allegro.pl/oferta/noz-skladany-scyzoryk-stal-drewno-laguiole-9652549461
TORBA DO SAMOLOTU RYANAIR 55x40x20 BAGAŻ PODRĘCZNY	40, 00 zł	-55%	Nowy	biały, brązowy, czarny, czerwony, ecru, fioletowy, granatowy, miedziany, niebieski, pomarańczowy, różowy, szary, zielony, żółty, wielokolorowy, inny kolor	podróżna	inna (REVERSE)	Wystawiam fakturę VAT	https://allegro.pl/oferta/torba-do-samolotu-ryanair-55x40x20-bagaz-podreczny-7851683938
XXL 73 DUŻA WALIZKA podróżna TORBA bagaż 4 KOŁA	129, 00 zł	-67%	Nowy	biały, brązowy, czarny, czerwony, ecru, fioletowy, granatowy, miedziany, niebieski, pomarańczowy, różowy, szary, zielony, żółty	walizki twarde	RGL	Wystawiam fakturę VAT	https://allegro.pl/oferta/xxl-73-duza-walizka-podrozna-torba-bagaz-4-kola-8502470109
ŚPIWÓR MUMIA 150g/m2 ACAMPER 3 KOLORY OKAZJA!!	50, 99 zł	-21%	Nowy	wielokolorowy	syntetyczne	Inna marka (Acamper)	Wystawiam fakturę VAT	https://allegro.pl/oferta/spiwor-mumia-150g-m2-acamper-3-kolory-okazja-6101197884
773 RGL 2w1 ZESTAW WALIZKA PODRÓŻNA KUFEREK BAGAŻ	99, 08 zł	-49%	Nowy	bezbarwny, biały, brązowy, czarny, czerwony, ecru, fioletowy, granatowy, miedziany, niebieski, pomarańczowy, różowy, szary, zielony, żółty, wielokolorowy, inny kolor	walizki miękkie	RGL	Wystawiam fakturę VAT	https://allegro.pl/oferta/773-rgl-2w1-zestaw-walizka-podrozna-kuferek-bagaz-7093787346
LATARKA CZOŁOWA ZOOM czołówka dioda LED T6 rower	30, 00 zł	mega okazja	Nowy	czarny	czołowe	inna marka (Omisport)	Wystawiam fakturę VAT	https://allegro.pl/oferta/latarka-czolowa-zoom-czolowka-dioda-led-t6-rower-8971676414
Walizka Kabinowa Mała S PUCCINI Czarna ABS08C 1	99, 99 zł	-79%	Nowy	czarny	walizki twarde	PUCCINI	Wystawiam fakturę VAT	https://allegro.pl/oferta/walizka-kabinowa-mala-s-puccini-czarna-abs08c-1-9764928518
SAPERKA SURVIVAL WOJSKO NIEZBĘDNIK 12W1 D14-10-4	89, 00 zł	-77%	Nowy	brak parametru	składane	inna marka (D14-10-4)	Wystawiam fakturę VAT	https://allegro.pl/oferta/saperka-survival-wojsko-niezbednik-12w1-d14-10-4-9379340917
L MAŁA WALIZKA KABINOWA TORBA PODRÓŻNA RGL 883	69, 00 zł	-73%	Nowy	bezbarwny, biały, brązowy, czarny, czerwony, ecru, fioletowy, granatowy, miedziany, niebieski, pomarańczowy, różowy, szary, zielony, żółty, wielokolorowy, inny kolor	walizki twarde	RGL	Wystawiam fakturę VAT	https://allegro.pl/oferta/l-mala-walizka-kabinowa-torba-podrozna-rgl-883-10595222672
773 RGL DUŻA XXL WALIZKA NA KÓŁKACH BAGAŻ TORBA	89, 19 zł	-50%	Nowy	biały, brązowy, czarny, czerwony, ecru, fioletowy, granatowy, miedziany, niebieski, pomarańczowy, różowy, szary, zielony, żółty, wielokolorowy, inny kolor	walizki miękkie	RGL	Wystawiam fakturę VAT	https://allegro.pl/oferta/773-rgl-duza-xxl-walizka-na-kolkach-bagaz-torba-8934607125
LATARKA TAKTYCZNA POLICYJNA LED ZESTAW ŁADOWANA	29, 99 zł	-81%	Nowy	inny	pozostałe	inna marka (Inna)	Wystawiam fakturę VAT	https://allegro.pl/oferta/latarka-taktyczna-policyjna-led-zestaw-ladowana-9416319036
Latarka czołówka COB 4w1 lampka czołowa z magnesem	17, 90 zł	-54%	Nowy	czarny	czołowe	inna marka (Efox)	Wystawiam fakturę VAT	https://allegro.pl/oferta/latarka-czolowka-cob-4w1-lampka-czolowa-z-magnesem-8881441766
LEŻAK OGRODOWY FOTEL PLAŻOWY SKŁADANY TURYSTYCZNY	26, 00 zł	-10%	Nowy	inny	brak parametru	brak parametru	Wystawiam fakturę VAT	https://allegro.pl/oferta/lezak-ogrodowy-fotel-plazowy-skladany-turystyczny-10211333737
POMPKA ELEKTRYCZNA do BASENU MATERACA 12V / 230V	40, 99 zł	-48%	Nowy	brak parametru	elektryczne	Gotel	Wystawiam fakturę VAT	https://allegro.pl/oferta/pompka-elektryczna-do-basenu-materaca-12v-230v-10225031622
TERMOS KUBEK TERMICZNY SMART BUTELKA BIDON 500ml	21, 78 zł	-68%	Nowy	czarny	brak parametru	inna marka	Wystawiam fakturę VAT	https://allegro.pl/oferta/termos-kubek-termiczny-smart-butelka-bidon-500ml-10001638118
PLECAK TORBA BAGAŻ PODRĘCZNY DLA RYANAIR 40X20X25	29, 65 zł	-70%	Nowy	biały, brązowy, czarny, czerwony, ecru, fioletowy, granatowy, niebieski, pomarańczowy, różowy, szary, zielony, żółty, inny kolor	podróżna	inna (RGL)	Wystawiam fakturę VAT	https://allegro.pl/oferta/plecak-torba-bagaz-podreczny-dla-ryanair-40x20x25-8731279418
XL ŚREDNIA WALIZKA PODRÓŻNA TORBA BAGAŻ 910 KÓŁKA	94, 13 zł	-43%	Nowy	bezbarwny, biały, brązowy, czarny, czerwony, ecru, fioletowy, granatowy, miedziany, pomarańczowy, różowy, szary, zielony, żółty, wielokolorowy, inny kolor	walizki twarde	RGL	Wystawiam fakturę VAT	https://allegro.pl/oferta/xl-srednia-walizka-podrozna-torba-bagaz-910-kolka-9536227015
Kijki korek NORDIC WALKING 2szt pokrowiec ZESTAW	50, 00 zł	mega okazja	Nowy	wielokolorowy	brak parametru	inna marka (inna)	Wystawiam fakturę VAT	https://allegro.pl/oferta/kijki-korek-nordic-walking-2szt-pokrowiec-zestaw-8878964845
NAMIOT PLAŻOWY SAMOROZKŁADAJĄCY POP-UP PARAWAN 3os	79, 90 zł	-33%	Nowy	niebieski	brak parametru	inna marka (das)	Wystawiam fakturę VAT	https://allegro.pl/oferta/namiot-plazowy-samorozkladajacy-pop-up-parawan-3os-9056130833
PLECAK TAKTYCZNY WOJSKOWY Militarny Survival 32l	89, 00 zł	-40%	Nowy	zielony	brak parametru	Inny producent (convey)	Wystawiam fakturę VAT	https://allegro.pl/oferta/plecak-taktyczny-wojskowy-militarny-survival-32l-9018016269
DUŻA TORBA TERMICZNA TURYSTYCZNA PIKNIK + WKŁADY	26, 90 zł	-55%	Nowy	niebieski	torba	inna marka (STERNHOFF)	Wystawiam fakturę VAT	https://allegro.pl/oferta/duza-torba-termiczna-turystyczna-piknik-wklady-9289304665
140L TORBA RGL PODRÓŻNA TURYSTYCZNA BAGAŻ walizka	54, 00 zł	-71%	Nowy	czarny, czerwony, fioletowy, granatowy, niebieski, pomarańczowy, szary, zielony, żółty	podróżna	inna (RGL)	Wystawiam fakturę VAT	https://allegro.pl/oferta/140l-torba-rgl-podrozna-turystyczna-bagaz-walizka-9408907433
POLAR MĘSKI THE NORTH FACE RESOLVE FLEECE	219, 00 zł	-26%	Nowy	czarny	Bez kaptura, Rozpinane	The North Face	Wystawiam fakturę VAT	https://allegro.pl/oferta/polar-meski-the-north-face-resolve-fleece-9944684393
Plecak turystyczny 30L miejski sportowy Karrimor	119, 00 zł	-20%	Nowy	czarny	brak parametru	Karrimor	Wystawiam fakturę VAT	https://allegro.pl/oferta/plecak-turystyczny-30l-miejski-sportowy-karrimor-8845952913
TORBA PODRÓŻNA KÓŁKA WALIZKA DUŻA NAJWIĘKSZA 220L	127, 00 zł	-57%	Nowy	czarny	podróżna	inna	Wystawiam fakturę VAT	https://allegro.pl/oferta/torba-podrozna-kolka-walizka-duza-najwieksza-220l-6133834093
Butelka termiczna kubek termos Starke Pro 1000 ml	30, 59 zł	mega okazja	Nowy	srebrny	brak parametru	Starke Pro	Wystawiam fakturę VAT	https://allegro.pl/oferta/butelka-termiczna-kubek-termos-starke-pro-1000-ml-10049099271
PROF ZEGAREK SURVIVAL BRANSOLETKA PARACORD 30M	79, 00 zł	-60%	Nowy	brak parametru	brak parametru	inna marka	Wystawiam fakturę VAT	https://allegro.pl/oferta/prof-zegarek-survival-bransoletka-paracord-30m-9292690272
Nóż sprężynowy Mikov Predator ABS 241-BH-1/STKP	253, 30 zł	mega okazja	Nowy	brak parametru	turystyczne	Mikov	Wystawiam fakturę VAT	https://allegro.pl/oferta/noz-sprezynowy-mikov-predator-abs-241-bh-1-stkp-10525532770
Stół STOLIK TURYSTYCZNY Składany 120x60cm+ 4Stołki	134, 10 zł	wyprzedaż	Nowy	biały	brak parametru	brak parametru	Wystawiam fakturę VAT	https://allegro.pl/oferta/stol-stolik-turystyczny-skladany-120x60cm-4stolki-10215896796
WALIZKA dziecięca Bagaż wzory DZIECI torba kółka	99, 99 zł	-41%	Nowy	biały, brązowy, czarny, czerwony, ecru, fioletowy, granatowy, miedziany, niebieski, pomarańczowy, różowy, szary, zielony, żółty	walizki twarde	RGL	Wystawiam fakturę VAT	https://allegro.pl/oferta/walizka-dziecieca-bagaz-wzory-dzieci-torba-kolka-8427277773
KRZESIWO MAGNEZOWE SURVIVAL ZAPALARKA ROZPAŁKA	4, 99 zł	mega okazja	Nowy	brak parametru	magnezowe (amerykańskie)	inna marka (in)	Wystawiam fakturę VAT	https://allegro.pl/oferta/krzesiwo-magnezowe-survival-zapalarka-rozpalka-9636741350
KUBEK TERMICZNY SMART LED Z DZIUBKIEM	27, 00 zł	-32%	Nowy	czarny	brak parametru	Bideko	Wystawiam fakturę VAT	https://allegro.pl/oferta/kubek-termiczny-smart-led-z-dziubkiem-10490513306
BETLEWSKI Kosmetyczka damska męska podróżna duża	55, 00 zł	-60%	Nowy	granatowy	standardowa	Betlewski	Wystawiam fakturę VAT	https://allegro.pl/oferta/betlewski-kosmetyczka-damska-meska-podrozna-duza-10510782575
Walizka Puccini Kabinowa Miękka Czarna Camerino	99, 99 zł	-64%	Nowy	czarny	walizki miękkie	PUCCINI	Wystawiam fakturę VAT	https://allegro.pl/oferta/walizka-puccini-kabinowa-miekka-czarna-camerino-7129748084
150L RGL TORBA PODRÓŻNA TURYSTYCZNA WALIZKA GRATIS	64, 97 zł	-40%	Nowy	bezbarwny, biały, brązowy, czarny, czerwony, ecru, fioletowy, granatowy, miedziany, niebieski, pomarańczowy, różowy, szary, zielony, żółty, wielokolorowy, inny kolor	podróżna	inna (RGL)	Wystawiam fakturę VAT	https://allegro.pl/oferta/150l-rgl-torba-podrozna-turystyczna-walizka-gratis-9511327435
WALIZKA DUŻA PODRÓŻNA KÓŁKA BAGIA 15 X KOLOR XXL	85, 65 zł	mega okazja	Nowy	GRANATOWY	walizki twarde	inna (BAGIA)	Wystawiam fakturę VAT	https://allegro.pl/oferta/walizka-duza-podrozna-kolka-bagia-15-x-kolor-xxl-5616222819
Latarka czołowa LED akumulatorowa włączanie ruchem	45, 00 zł	-47%	Nowy	czarny	czołowe	inna marka (inny)	Wystawiam fakturę VAT	https://allegro.pl/oferta/latarka-czolowa-led-akumulatorowa-wlaczanie-ruchem-9971471759
MAŁA WALIZKA PODRÓŻNA BAGAŻ KOŁA TORBA KABINÓWKA	73, 90 zł	-61%	Nowy	granatowy, wielokolorowy	walizki twarde	inna (STERNHOFF)	Wystawiam fakturę VAT	https://allegro.pl/oferta/mala-walizka-podrozna-bagaz-kola-torba-kabinowka-9552838304
WALIZKA DUŻA PODRÓŻNA KÓŁKA RYANAIR 20 X KOLOR XXL	106, 90 zł	-64%	Nowy	inny kolor	walizki twarde	inna	Wystawiam fakturę VAT	https://allegro.pl/oferta/walizka-duza-podrozna-kolka-ryanair-20-x-kolor-xxl-6313886166
LAZY BAG AIR SOFA DMUCHANA MATERAC LEŻAK POWIETRZE	9, 99 zł	mega okazja	Nowy	niebieski	brak parametru	inna marka (MOBES)	Wystawiam fakturę VAT	https://allegro.pl/oferta/lazy-bag-air-sofa-dmuchana-materac-lezak-powietrze-8109477022
Nóż motylek balisong CS:GO motylkowy N454E	18, 90 zł	-85%	Nowy	brak parametru	motylkowe	inna marka (BULLSHOP)	Wystawiam fakturę VAT	https://allegro.pl/oferta/noz-motylek-balisong-cs-go-motylkowy-n454e-8967695539
WALIZKA PODRÓŻNA ŚREDNIA BAGIA KÓŁKA 20 x KOLOR XL	95, 85 zł	-61%	Nowy	GRANATOWY	walizki twarde	inna (Bagia)	Wystawiam fakturę VAT	https://allegro.pl/oferta/walizka-podrozna-srednia-bagia-kolka-20-x-kolor-xl-6815330444
Mocna Latarka nowa dioda LED CREE XHP70.2 - ZOOM	65, 00 zł	-67%	Nowy	czarny	klasyczne	inna marka	Wystawiam fakturę VAT	https://allegro.pl/oferta/mocna-latarka-nowa-dioda-led-cree-xhp70-2-zoom-9876029548
BETLEWSKI Kosmetyczka męska podróżna mała saszetka	40, 00 zł	-55%	Nowy	czarny	standardowa	Betlewski	Wystawiam fakturę VAT	https://allegro.pl/oferta/betlewski-kosmetyczka-meska-podrozna-mala-saszetka-8050628389
Nóż ratowniczy - bezpieczeństwa 6w1 czarny	59, 00 zł	-33%	Nowy	brak parametru	taktyczne	Kandar	Wystawiam fakturę VAT	https://allegro.pl/oferta/noz-ratowniczy-bezpieczenstwa-6w1-czarny-7251277928
KIJKI NORDIC WALKING TREKKINGOWE ZESTAW 2 SZUKI	59, 00 zł	-39%	Nowy	wielokolorowy	brak parametru	inna marka (TopGadget)	Wystawiam fakturę VAT	https://allegro.pl/oferta/kijki-nordic-walking-trekkingowe-zestaw-2-szuki-9402051248
Torba termiczna plażowa LEKKA termo lodówka 3,6L	9, 99 zł	-63%	Nowy	granatowy	torba	inna marka (go green)	Wystawiam fakturę VAT	https://allegro.pl/oferta/torba-termiczna-plazowa-lekka-termo-lodowka-3-6l-9345696399
Lodówka turystyczna GOTIE GLT-240G EVERTRAVEL	219, 00 zł	-10%	Nowy	szary	elektryczne	inna marka (GOTIE)	Wystawiam fakturę VAT	https://allegro.pl/oferta/lodowka-turystyczna-gotie-glt-240g-evertravel-9911457882
DUŻA TORBA PODRÓŻNA SPORTOWA WALIZKA 185L BAGAŻ	55, 00 zł	-67%	Nowy	bezbarwny, biały, brązowy, czarny, czerwony, ecru, fioletowy, granatowy, miedziany, niebieski, pomarańczowy, różowy, szary, zielony, żółty, wielokolorowy, inny kolor	podróżna	inna (RGL)	Wystawiam fakturę VAT	https://allegro.pl/oferta/duza-torba-podrozna-sportowa-walizka-185l-bagaz-9687127000
L MAŁA WALIZKA PODRÓŻNA TORBA BAGAŻ 910 KÓŁKA	90, 78 zł	-24%	Nowy	bezbarwny, biały, brązowy, czarny, czerwony, ecru, fioletowy, granatowy, miedziany, niebieski, pomarańczowy, różowy, szary, zielony, żółty, wielokolorowy, inny kolor	walizki twarde	RGL	Wystawiam fakturę VAT	https://allegro.pl/oferta/l-mala-walizka-podrozna-torba-bagaz-910-kolka-9536229755
Kawa Ziarnista LA STORIA d'ORO 1kg ŚWIEŻO PALONA	42, 99 zł	-37%	brak parametru	brak parametru	czarna zwykła	Blue Orca Coffee	Wystawiam fakturę VAT	https://allegro.pl/oferta/kawa-ziarnista-la-storia-d-oro-1kg-swiezo-palona-9861707042
Kawa ZIARNISTA 2kg ŚWIEŻO PALONA Arabika 100%	79, 99 zł	-51%	brak parametru	brak parametru	czarna zwykła	Blue Orca Coffee	Wystawiam fakturę VAT	https://allegro.pl/oferta/kawa-ziarnista-2kg-swiezo-palona-arabika-100-9447686477
Kawa ziarnista LAVAZZA EXPERT GUSTO FORTE 1kg	35, 90 zł	-29%	brak parametru	brak parametru	czarna zwykła	Lavazza	Wystawiam fakturę VAT	https://allegro.pl/oferta/kawa-ziarnista-lavazza-expert-gusto-forte-1kg-7574165680
Kawa BRAZYLIA 2kg ŚWIEŻO Palona 100% ARABIKA	69, 99 zł	-54%	brak parametru	brak parametru	czarna zwykła	Blue Orca Coffee	Wystawiam fakturę VAT	https://allegro.pl/oferta/kawa-brazylia-2kg-swiezo-palona-100-arabika-9445187454
ALLNUTRITION ERYTRYTOL 1000G ERYTROL NATURALNE 1KG	21, 99 zł	-26%	brak parametru	brak parametru	brak parametru	Allnutrition	Wystawiam fakturę VAT	https://allegro.pl/oferta/allnutrition-erytrytol-1000g-erytrol-naturalne-1kg-9076433949
ORZECHY NERKOWCA 1kg POŁÓWKI Nerkowce 1000g	21, 08 zł	mega okazja	brak parametru	brak parametru	orzechy nerkowca	inna	Wystawiam fakturę VAT	https://allegro.pl/oferta/orzechy-nerkowca-1kg-polowki-nerkowce-1000g-7548747980
Yerba Verde Mate Green Energia Guarana 0,5kg 500g	13, 31 zł	mega okazja	brak parametru	brak parametru	Zielona Mate bez patyczków	Verde Mate	Wystawiam fakturę VAT	https://allegro.pl/oferta/yerba-verde-mate-green-energia-guarana-0-5kg-500g-7736736364
DAKTYLE suszone bez pestek najwyższa jakość 1kg	7, 60 zł	-45%	brak parametru	brak parametru	daktyle	GorzkoiSlodko	Wystawiam fakturę VAT	https://allegro.pl/oferta/daktyle-suszone-bez-pestek-najwyzsza-jakosc-1kg-6333914353
MIGDAŁY KALIFORNIJSKIE całe 1KG - MIGOgroup	23, 51 zł	mega okazja	brak parametru	brak parametru	migdały	inna	Wystawiam fakturę VAT	https://allegro.pl/oferta/migdaly-kalifornijskie-cale-1kg-migogroup-6765952930
ALLNUTRITION F**KING DELICIOUS COOKIE DOUBLE CHOCO	5, 99 zł	-40%	brak parametru	brak parametru	brak parametru	ALLNUTRITION	Wystawiam fakturę VAT	https://allegro.pl/oferta/allnutrition-f-king-delicious-cookie-double-choco-10420390039
KFD MASŁO ORZECHOWE 100% - WERSJA GŁADKA - 1000 G	18, 89 zł	-37%	brak parametru	brak parametru	brak parametru	KFD Nutrition	Wystawiam fakturę VAT	https://allegro.pl/oferta/kfd-maslo-orzechowe-100-wersja-gladka-1000-g-7591850158
ALLNUTRITION F**KING DELICIOUS COOKIE WHITE CHOCO	5, 99 zł	-40%	brak parametru	brak parametru	brak parametru	ALLNUTRITION	Wystawiam fakturę VAT	https://allegro.pl/oferta/allnutrition-f-king-delicious-cookie-white-choco-10420242953
PISTACJE PRAŻONE naturalne orzechy Pistacjowe 500g	19, 60 zł	mega okazja	brak parametru	brak parametru	pistacje	MigoGroup	Wystawiam fakturę VAT	https://allegro.pl/oferta/pistacje-prazone-naturalne-orzechy-pistacjowe-500g-6383100469
Płatki owsiane 1kg 100% NATURALNE śniadanie DIETA	5, 90 zł	Smart! okazja	brak parametru	brak parametru	płatki owsiane	Brat	Wystawiam fakturę VAT	https://allegro.pl/oferta/platki-owsiane-1kg-100-naturalne-sniadanie-dieta-7286083025
Kawa ziarnista PELLINI ESPRESSO BAR VIVACE 1 kg	47, 45 zł	-23%	brak parametru	brak parametru	czarna zwykła	Pellini	Wystawiam fakturę VAT	https://allegro.pl/oferta/kawa-ziarnista-pellini-espresso-bar-vivace-1-kg-6728224726
ŚLIWKI SUSZONE 1KG BEZ PESTEK ŚLIWKA - MIGOgroup	15, 20 zł	-32%	brak parametru	brak parametru	śliwki	inna	Wystawiam fakturę VAT	https://allegro.pl/oferta/sliwki-suszone-1kg-bez-pestek-sliwka-migogroup-6766065453
Orzechy nerkowca połówki 1000g Promienie Słońca	24, 99 zł	-27%	brak parametru	brak parametru	orzechy nerkowca	Promienie Słońca	Wystawiam fakturę VAT	https://allegro.pl/oferta/orzechy-nerkowca-polowki-1000g-promienie-slonca-9314655816
ALLNUTRITION F**KING DELICIOUS COOKIE CHOCO CHIP	5, 99 zł	-40%	brak parametru	brak parametru	brak parametru	ALLNUTRITION	Wystawiam fakturę VAT	https://allegro.pl/oferta/allnutrition-f-king-delicious-cookie-choco-chip-10420377589
Kawa ziarnista ŚWIEŻO PALONA 72h zestaw 6x200g	64, 85 zł	-65%	brak parametru	brak parametru	czarna zwykła	Nuno	Wystawiam fakturę VAT	https://allegro.pl/oferta/kawa-ziarnista-swiezo-palona-72h-zestaw-6x200g-9980545468
Yerba Mate Green MAS ENERGIA GUARANA 1kg + GRATIS	28, 99 zł	-35%	brak parametru	brak parametru	Despalada sin palo	Mate green	Wystawiam fakturę VAT	https://allegro.pl/oferta/yerba-mate-green-mas-energia-guarana-1kg-gratis-9117627504
Starbucks Kawa ziarnista Arabica MIX zestaw 3x200g	45, 99 zł	-14%	brak parametru	brak parametru	brak parametru	Starbucks	Wystawiam fakturę VAT	https://allegro.pl/oferta/starbucks-kawa-ziarnista-arabica-mix-zestaw-3x200g-9891713215
Kawa ziarnista SEGAFREDO INTERMEZZO 1 kg	27, 90 zł	-28%	brak parametru	brak parametru	czarna zwykła	Segafredo	Wystawiam fakturę VAT	https://allegro.pl/oferta/kawa-ziarnista-segafredo-intermezzo-1-kg-6728224932
KFD MASŁO ORZECHOWE 100%-PEANUT BUTTER-1kg CRUNCHY	22, 99 zł	-20%	brak parametru	brak parametru	brak parametru	KFD	Wystawiam fakturę VAT	https://allegro.pl/oferta/kfd-maslo-orzechowe-100-peanut-butter-1kg-crunchy-6447519471
SÓL HIMALAJSKA DROBNA różowa bez domieszek 1kg	3, 50 zł	-49%	brak parametru	brak parametru	sól himalajska	Gorzko Słodko	Wystawiam fakturę VAT	https://allegro.pl/oferta/sol-himalajska-drobna-rozowa-bez-domieszek-1kg-6306562460
ALLNUTRITION NUTLOVE CRUNCH + COCO 500g KREM	54, 99 zł	-31%	brak parametru	brak parametru	brak parametru	Allnutrition	Wystawiam fakturę VAT	https://allegro.pl/oferta/allnutrition-nutlove-crunch-coco-500g-krem-9367475612
Kawa ziarnista LAVAZZA CREMA E AROMA BLUE 1 kg	44, 49 zł	-15%	brak parametru	brak parametru	czarna zwykła	Lavazza	Wystawiam fakturę VAT	https://allegro.pl/oferta/kawa-ziarnista-lavazza-crema-e-aroma-blue-1-kg-6726379415
Yerba Mate Yaguar Frutas Bayas owocowa 0,5kg 500g	11, 98 zł	mega okazja	brak parametru	brak parametru	brak parametru	Yaguar	Wystawiam fakturę VAT	https://allegro.pl/oferta/yerba-mate-yaguar-frutas-bayas-owocowa-0-5kg-500g-9708741345
ŻURAWINA SUSZONA BEZ KONSERWANTÓW 1Kg	23, 80 zł	-20%	brak parametru	brak parametru	żurawina	inna	Wystawiam fakturę VAT	https://allegro.pl/oferta/zurawina-suszona-bez-konserwantow-1kg-6005552919
DIET NOODLES ZESTAW MAKARON KONJAC 5x200g BŁONNIK	24, 99 zł	-48%	brak parametru	brak parametru	nitki	Cheat Meal	Wystawiam fakturę VAT	https://allegro.pl/oferta/diet-noodles-zestaw-makaron-konjac-5x200g-blonnik-10105810129
Kawa Peru + Honduras 2kg ŚWIEŻO PALONA Arabika100%	99, 99 zł	-41%	brak parametru	brak parametru	czarna zwykła	Blue Orca Coffee	Wystawiam fakturę VAT	https://allegro.pl/oferta/kawa-peru-honduras-2kg-swiezo-palona-arabika100-9532538213
ALLNUTRITION SAUCE 300g BEZ CUKRU SOS ZERO	14, 99 zł	-25%	brak parametru	brak parametru	brak parametru	ALLNUTRITION	Wystawiam fakturę VAT	https://allegro.pl/oferta/allnutrition-sauce-300g-bez-cukru-sos-zero-8709661255
ALLNUTRITION NUTLOVE 500 g KREM MLECZNO ORZECHOWY	29, 99 zł	-16%	brak parametru	brak parametru	brak parametru	Allnutrition	Wystawiam fakturę VAT	https://allegro.pl/oferta/allnutrition-nutlove-500-g-krem-mleczno-orzechowy-9720559593
SŁONECZNIK ŁUSKANY ziarno naturalnie świeży 1kg	6, 25 zł	-29%	brak parametru	brak parametru	pestki słonecznika	GorzkoiSlodko	Wystawiam fakturę VAT	https://allegro.pl/oferta/slonecznik-luskany-ziarno-naturalnie-swiezy-1kg-6333915920
ŚLIWKI SUSZONE bez pestek świeże premium 1kg	15, 90 zł	-40%	brak parametru	brak parametru	śliwki	inna	Wystawiam fakturę VAT	https://allegro.pl/oferta/sliwki-suszone-bez-pestek-swieze-premium-1kg-6431188150
Kapsułki Dolce Gusto MILL Latte ZESTAW 4x16 OKAZJA	42, 90 zł	-43%	brak parametru	brak parametru	czarna zwykła	Mr&Mrs Mill	Wystawiam fakturę VAT	https://allegro.pl/oferta/kapsulki-dolce-gusto-mill-latte-zestaw-4x16-okazja-10215711892
RODZYNKI SUŁTANKI pyszne świeże sułtańskie! 1 kg	9, 80 zł	-42%	brak parametru	brak parametru	rodzynki	GorzkoiSlodko	Wystawiam fakturę VAT	https://allegro.pl/oferta/rodzynki-sultanki-pyszne-swieze-sultanskie-1-kg-6306562388
ALLNUTRITION F**KING DELICIOUS COOKIE CHOCO PEANUT	5, 99 zł	-40%	brak parametru	brak parametru	brak parametru	ALLNUTRITION	Wystawiam fakturę VAT	https://allegro.pl/oferta/allnutrition-f-king-delicious-cookie-choco-peanut-10420384547
ALLNUTRITION ERYTRYTOL 1KG ERYTROL SŁODZIK	21, 99 zł	-26%	brak parametru	brak parametru	brak parametru	Allnutrition	Wystawiam fakturę VAT	https://allegro.pl/oferta/allnutrition-erytrytol-1kg-erytrol-slodzik-9465253919
OLEJ KOKOSOWY NIERAFINOWANY 900ml EXTRA VIRGIN	21, 99 zł	-36%	brak parametru	brak parametru	olej kokosowy	Brat	Wystawiam fakturę VAT	https://allegro.pl/oferta/olej-kokosowy-nierafinowany-900ml-extra-virgin-6304534031
OstroVit Peanut Butter 1KG MASŁO ORZECHOWE SMOOTH	16, 90 zł	-15%	brak parametru	brak parametru	brak parametru	OstroVit	Wystawiam fakturę VAT	https://allegro.pl/oferta/ostrovit-peanut-butter-1kg-maslo-orzechowe-smooth-7757979219
Siemię LNIANE NATURALNE ziarno 1kg WYSOKA JAKOŚĆ	5, 99 zł	Smart! okazja	brak parametru	brak parametru	siemię lniane brązowe	BRAT	Wystawiam fakturę VAT	https://allegro.pl/oferta/siemie-lniane-naturalne-ziarno-1kg-wysoka-jakosc-6144603534
Bubble Tea Mini Set KULKI SYROP KUBKI SŁOMKI KPL.	75, 90 zł	-54%	brak parametru	brak parametru	brak parametru	inna (Molecula)	Wystawiam fakturę VAT	https://allegro.pl/oferta/bubble-tea-mini-set-kulki-syrop-kubki-slomki-kpl-10139870513
ZESTAW dla Dwojga Yerba Mate Tykwa Bombilla 10x50g	34, 29 zł	mega okazja	brak parametru	brak parametru	brak parametru	Mate Green	Wystawiam fakturę VAT	https://allegro.pl/oferta/zestaw-dla-dwojga-yerba-mate-tykwa-bombilla-10x50g-10033966478
Kawa ziarnista MK Cafe Premium 100% Arabica 3x1kg	99, 90 zł	-25%	brak parametru	brak parametru	czarna zwykła	MK Cafe	Wystawiam fakturę VAT	https://allegro.pl/oferta/kawa-ziarnista-mk-cafe-premium-100-arabica-3x1kg-9980213194
ALLNUTRITION NUTLOVE 500 g KREM WHITE CHOCO PEANUT	29, 99 zł	-25%	brak parametru	brak parametru	brak parametru	ALLNUTRITION	Wystawiam fakturę VAT	https://allegro.pl/oferta/allnutrition-nutlove-500-g-krem-white-choco-peanut-10411018278
SFD DZIKI ORZECH 1KG MASŁO ORZECHOWE BEZ CUKRU	19, 99 zł	-20%	brak parametru	brak parametru	brak parametru	SFD	Wystawiam fakturę VAT	https://allegro.pl/oferta/sfd-dziki-orzech-1kg-maslo-orzechowe-bez-cukru-9306905183
Zestaw Bubble Tea 4 x KULKI 2 x SYROP KUBKI SŁOMKI	190, 90 zł	-35%	brak parametru	brak parametru	brak parametru	inna (Molecula)	Wystawiam fakturę VAT	https://allegro.pl/oferta/zestaw-bubble-tea-4-x-kulki-2-x-syrop-kubki-slomki-10158609591
Kawa ziarnista LAVAZZA EXPERT GUSTO PIENO 1 kg	39, 90 zł	-30%	brak parametru	brak parametru	czarna zwykła	Lavazza	Wystawiam fakturę VAT	https://allegro.pl/oferta/kawa-ziarnista-lavazza-expert-gusto-pieno-1-kg-6728221823
QUINOA KOMOSA RYŻOWA BIAŁA 1KG BIAŁKO - MIGOgroup	13, 20 zł	-24%	brak parametru	brak parametru	brak parametru	Inna	Wystawiam fakturę VAT	https://allegro.pl/oferta/quinoa-komosa-ryzowa-biala-1kg-bialko-migogroup-6758574224
Mieszanka studencka 1kg IDEALNA PRZEKĄSKA zdrowa	23, 49 zł	Smart! okazja	brak parametru	brak parametru	mieszanka studencka	BRAT	Wystawiam fakturę VAT	https://allegro.pl/oferta/mieszanka-studencka-1kg-idealna-przekaska-zdrowa-7316346574
ALLNUTRITION NUTLOVE CRUNCH 500 g KREM KOKOSOWY	29, 99 zł	-16%	brak parametru	brak parametru	brak parametru	Allnutrition	Wystawiam fakturę VAT	https://allegro.pl/oferta/allnutrition-nutlove-crunch-500-g-krem-kokosowy-9145378695
Kawa Ziarnista 2KG BRAZYLIA SANTOS - Świeżo Palona	69, 00 zł	-52%	brak parametru	brak parametru	czarna zwykła	NostroCafe	Wystawiam fakturę VAT	https://allegro.pl/oferta/kawa-ziarnista-2kg-brazylia-santos-swiezo-palona-10028220180
NASIONA CHIA 1kg - SZAŁWIA HISZPAŃSKA - MIGOgroup	13, 80 zł	-13%	brak parametru	brak parametru	brak parametru	Inna	Wystawiam fakturę VAT	https://allegro.pl/oferta/nasiona-chia-1kg-szalwia-hiszpanska-migogroup-6005481417
Bombilla Potrójne Filtrowanie INOX 16cm Yerba mate	34, 19 zł	mega okazja	brak parametru	brak parametru	brak parametru	Oranżada	Wystawiam fakturę VAT	https://allegro.pl/oferta/bombilla-potrojne-filtrowanie-inox-16cm-yerba-mate-9021866819
SŁONECZNIK ŁUSKANY 1000g, Naturalny 1Kg	5, 73 zł	mega okazja	brak parametru	brak parametru	inny	MigoGroup	Wystawiam fakturę VAT	https://allegro.pl/oferta/slonecznik-luskany-1000g-naturalny-1kg-6383193685
ORZECHY ZIEMNE ARACHIDOWE prażone bez soli 1 kg	10, 50 zł	-41%	cukru, konserwantów, laktozy, oleju palmowego, substancji zbrylających	brak parametru	orzeszki ziemne	GorzkoiSlodko	Wystawiam fakturę VAT	https://allegro.pl/oferta/orzechy-ziemne-arachidowe-prazone-bez-soli-1-kg-6306561803
KFD DELICATES - KREM KINDLERKOWY Z CHRUPKAMI 500 G	19, 99 zł	-33%	brak parametru	brak parametru	brak parametru	KFD	Wystawiam fakturę VAT	https://allegro.pl/oferta/kfd-delicates-krem-kindlerkowy-z-chrupkami-500-g-9668592960
Zestaw Yerba Mate Matero / Tykwa + Bombilla 15.5cm	38, 79 zł	mega okazja	brak parametru	brak parametru	brak parametru	Mate Green	Wystawiam fakturę VAT	https://allegro.pl/oferta/zestaw-yerba-mate-matero-tykwa-bombilla-15-5cm-8773453048
Zestaw Yerba Mate Matero / Tykwa + Bombilla 19cm	20, 49 zł	mega okazja	brak parametru	brak parametru	brak parametru	Mate Green	Wystawiam fakturę VAT	https://allegro.pl/oferta/zestaw-yerba-mate-matero-tykwa-bombilla-19cm-8226624428
OstroVit Creametto 350 g KREM ORZECHOWY BEZ CUKRU	11, 82 zł	mega okazja	brak parametru	brak parametru	brak parametru	OstroVit	Wystawiam fakturę VAT	https://allegro.pl/oferta/ostrovit-creametto-350-g-krem-orzechowy-bez-cukru-9948660395
Pestki DYNI łuskane 1kg świeże 100% NATURALNE	17, 99 zł	-39%	brak parametru	brak parametru	pestki dyni	BRAT	Wystawiam fakturę VAT	https://allegro.pl/oferta/pestki-dyni-luskane-1kg-swieze-100-naturalne-6304571106
ALLNUTRITION NUTLOVE CRUNCH 500g KREM CZEKOLADOWY	29, 99 zł	-16%	brak parametru	brak parametru	brak parametru	Allnutrition	Wystawiam fakturę VAT	https://allegro.pl/oferta/allnutrition-nutlove-crunch-500g-krem-czekoladowy-9105663910
YERBA MATE GREEN 10x50 g Zestaw START MIX gatunków	31, 99 zł	mega okazja	brak parametru	brak parametru	Despalada sin palo	Mate Green	Wystawiam fakturę VAT	https://allegro.pl/oferta/yerba-mate-green-10x50-g-zestaw-start-mix-gatunkow-6905873741
Orzechy BRAZYLIJSKIE 0,5 kg, naturalne - MIGOgroup	21, 99 zł	-48%	brak parametru	brak parametru	orzechy brazylijskie	MigoGroup	Wystawiam fakturę VAT	https://allegro.pl/oferta/orzechy-brazylijskie-0-5-kg-naturalne-migogroup-6952068947
Kawa ziarnista MELITTA BELLACREMA LACREMA 1 kg	32, 69 zł	-59%	brak parametru	brak parametru	czarna zwykła	Melitta	Wystawiam fakturę VAT	https://allegro.pl/oferta/kawa-ziarnista-melitta-bellacrema-lacrema-1-kg-6726379885
ALLNUTRITION NUTLOVE 500 g KREM CHOCO HAZELNUT	29, 99 zł	-16%	brak parametru	brak parametru	brak parametru	ALLNUTRITION	Wystawiam fakturę VAT	https://allegro.pl/oferta/allnutrition-nutlove-500-g-krem-choco-hazelnut-9931590693
DAKTYLE Suszone Bez Pestek 1kg, PYSZNE - MIGOgroup	8, 70 zł	-27%	brak parametru	brak parametru	brak parametru	inna	Wystawiam fakturę VAT	https://allegro.pl/oferta/daktyle-suszone-bez-pestek-1kg-pyszne-migogroup-7569468429
Migdały Kalifornijskie Naturalne 1000g ŚWIEŻE CAŁE	29, 99 zł	-29%	brak parametru	brak parametru	migdały	Promienie Słońca	Wystawiam fakturę VAT	https://allegro.pl/oferta/migdaly-kalifornijskie-naturalne-1000g-swieze-cale-9479893040
Kawa Brazylia Santos 2kg Świeżo Palona Arabika100%	78, 00 zł	-45%	brak parametru	brak parametru	czarna zwykła	Tommy Cafe	Wystawiam fakturę VAT	https://allegro.pl/oferta/kawa-brazylia-santos-2kg-swiezo-palona-arabika100-9070191500
SODA OCZYSZCZONA spożywcza wodorowęglan sodu 1kg	4, 50 zł	-34%	brak parametru	brak parametru	soda oczyszczona	Gorzko Słodko	Wystawiam fakturę VAT	https://allegro.pl/oferta/soda-oczyszczona-spozywcza-wodoroweglan-sodu-1kg-6125724733
Świeżo palona kawa ziarnista MK Fresh Brazil 2x1kg	80, 00 zł	-49%	brak parametru	brak parametru	brak parametru	MK Cafe	Wystawiam fakturę VAT	https://allegro.pl/oferta/swiezo-palona-kawa-ziarnista-mk-fresh-brazil-2x1kg-10504578965
Yerba Mate Green Verde Mate Mas IQ 0,5kg 500g	19, 90 zł	-42%	brak parametru	brak parametru	brak parametru	Verde Mate	Wystawiam fakturę VAT	https://allegro.pl/oferta/yerba-mate-green-verde-mate-mas-iq-0-5kg-500g-6907504804
Bubble Tea Party Set KULKI SYROP KUBKI SŁOMKI KPL.	115, 90 zł	-49%	brak parametru	brak parametru	brak parametru	inna (Molecula)	Wystawiam fakturę VAT	https://allegro.pl/oferta/bubble-tea-party-set-kulki-syrop-kubki-slomki-kpl-9865323674
DAKTYLE SUSZONE 1kg NATURALNE PYSZNE BEZ SO2	7, 47 zł	-41%	brak parametru	brak parametru	daktyle	Trzy Ziarna	Wystawiam fakturę VAT	https://allegro.pl/oferta/daktyle-suszone-1kg-naturalne-pyszne-bez-so2-6333219461
SŁONECZNIK Łuskany 1kg 100% naturalny ŚWIEŻY	7, 99 zł	-20%	brak parametru	brak parametru	pestki słonecznika	BRAT	Wystawiam fakturę VAT	https://allegro.pl/oferta/slonecznik-luskany-1kg-100-naturalny-swiezy-7324915036
Yerba Mate Guarani Energia con Guarana 0,5kg 500g	12, 90 zł	-48%	brak parametru	brak parametru	brak parametru	Guarani	Wystawiam fakturę VAT	https://allegro.pl/oferta/yerba-mate-guarani-energia-con-guarana-0-5kg-500g-7196818953
Kawa świeżo palona ETIOPIA Jimma of Keffa AA 1kg	49, 00 zł	-18%	brak parametru	brak parametru	czarna zwykła	Czarna Kawka	Wystawiam fakturę VAT	https://allegro.pl/oferta/kawa-swiezo-palona-etiopia-jimma-of-keffa-aa-1kg-7678973802
Kapsułki do Dolce Gusto Costa Coffee ZESTAW 64szt	52, 14 zł	wyprzedaż	brak parametru	brak parametru	czarna zwykła	Costa Coffee	Wystawiam fakturę VAT	https://allegro.pl/oferta/kapsulki-do-dolce-gusto-costa-coffee-zestaw-64szt-10221045926
MORELE suszone naturalne 1kg - JASNE	18, 50 zł	-21%	brak parametru	brak parametru	brak parametru	inna	Wystawiam fakturę VAT	https://allegro.pl/oferta/morele-suszone-naturalne-1kg-jasne-6449049925
Yerba Mate Yerbomos 4.0 Black 580 ml Mate Green	44, 99 zł	mega okazja	brak parametru	brak parametru	brak parametru	Oranżada	Wystawiam fakturę VAT	https://allegro.pl/oferta/yerba-mate-yerbomos-4-0-black-580-ml-mate-green-9684203745
PISTACJE PRAŻONE SOLONE ŚWIEŻE 1KG Z PLANTACJI	40, 76 zł	mega okazja	brak parametru	brak parametru	brak parametru	Spichlerz Zdrowia	Wystawiam fakturę VAT	https://allegro.pl/oferta/pistacje-prazone-solone-swieze-1kg-z-plantacji-9750788878
Yerba Verde Mate Green Cannabis Absinth 0,5kg 500g	12, 24 zł	mega okazja	brak parametru	brak parametru	brak parametru	Verde Mate	Wystawiam fakturę VAT	https://allegro.pl/oferta/yerba-verde-mate-green-cannabis-absinth-0-5kg-500g-9708772161
ORZECHY LASKOWE ŁUSKANE 1kg NATURALNE DUŻE ŚWIEŻE	35, 89 zł	-45%	brak parametru	brak parametru	orzechy laskowe	Malinowe	Wystawiam fakturę VAT	https://allegro.pl/oferta/orzechy-laskowe-luskane-1kg-naturalne-duze-swieze-6372243957
Bombilla Yerba Mate LIZA - 19 cm - nierdzewna INOX	9, 00 zł	mega okazja	brak parametru	brak parametru	brak parametru	Oranżada	Wystawiam fakturę VAT	https://allegro.pl/oferta/bombilla-yerba-mate-liza-19-cm-nierdzewna-inox-9520154943
KFD FIT GALARETKA BEZ CUKRU - 345 G - 50 PORCJI	23, 99 zł	Smart! okazja	brak parametru	brak parametru	brak parametru	KFD	Wystawiam fakturę VAT	https://allegro.pl/oferta/kfd-fit-galaretka-bez-cukru-345-g-50-porcji-9219361442
Kawa ziarnista MK Cafe zestaw 3x1kg	99, 90 zł	-25%	brak parametru	brak parametru	czarna zwykła	MK Cafe	Wystawiam fakturę VAT	https://allegro.pl/oferta/kawa-ziarnista-mk-cafe-zestaw-3x1kg-9979977069
Yerba Mate Yerbomos 3.0 Tykwa Bombilla Termos 3w1	39, 98 zł	-49%	brak parametru	brak parametru	brak parametru	Cebador	Wystawiam fakturę VAT	https://allegro.pl/oferta/yerba-mate-yerbomos-3-0-tykwa-bombilla-termos-3w1-8522940053
NASIONA CHIA 1kg 1000g SZAŁWIA hiszpańska ŚWIEŻA	12, 99 zł	Smart! okazja	brak parametru	brak parametru	brak parametru	Brat	Wystawiam fakturę VAT	https://allegro.pl/oferta/nasiona-chia-1kg-1000g-szalwia-hiszpanska-swieza-6358945933
Orzechy ziemne ARACHIDOWE prażone 1kg - MIGOgroup	8, 76 zł	mega okazja	brak parametru	brak parametru	brak parametru	inna	Wystawiam fakturę VAT	https://allegro.pl/oferta/orzechy-ziemne-arachidowe-prazone-1kg-migogroup-7600774235
Kawa ziarnista LUCAFFE MR. EXCLUSIVE 1 kg	60, 54 zł	mega okazja	brak parametru	brak parametru	czarna zwykła	Lucaffe	Wystawiam fakturę VAT	https://allegro.pl/oferta/kawa-ziarnista-lucaffe-mr-exclusive-1-kg-6728222076
ALLNUTRITION FOREST FRUIT IN JELLY 1000g BEZ CUKRU	26, 99 zł	-25%	brak parametru	brak parametru	brak parametru	Allnutrition	Wystawiam fakturę VAT	https://allegro.pl/oferta/allnutrition-forest-fruit-in-jelly-1000g-bez-cukru-9342349661
Kawa KOLUMBIA 2kg Świeżo Palona 100% ARABIKA	96, 99 zł	-44%	brak parametru	brak parametru	brak parametru	Blue Orca Coffee	Wystawiam fakturę VAT	https://allegro.pl/oferta/kawa-kolumbia-2kg-swiezo-palona-100-arabika-9444955037
RODZYNKI SUŁTAŃSKIE 1kg SŁODKIE świeże JAKOŚĆ	9, 99 zł	-32%	brak parametru	brak parametru	rodzynki	BRAT	Wystawiam fakturę VAT	https://allegro.pl/oferta/rodzynki-sultanskie-1kg-slodkie-swieze-jakosc-6304724053
ALLNUTRITION BLUEBERRY IN JELLY 1000g BEZ CUKRU	32, 99 zł	-8%	brak parametru	brak parametru	brak parametru	ALLNUTRITION	Wystawiam fakturę VAT	https://allegro.pl/oferta/allnutrition-blueberry-in-jelly-1000g-bez-cukru-9105583102
Kawa Ziarnista 2KG BRAZYLIA MOGIANA BRAZYLA SANTOS	60, 99 zł	mega okazja	brak parametru	brak parametru	czarna zwykła	NostroCafe	Wystawiam fakturę VAT	https://allegro.pl/oferta/kawa-ziarnista-2kg-brazylia-mogiana-brazyla-santos-10028860439
RĘKAW CUKIERNICZY DEKORATOR TORTÓW CIAST POTRAW	4, 99 zł	mega okazja	brak parametru	brak parametru	brak parametru	inna (sd)	Wystawiam fakturę VAT	https://allegro.pl/oferta/rekaw-cukierniczy-dekorator-tortow-ciast-potraw-9017515280
KFD NATURALNY KREM BIAŁA CZEKOLADA - KOKOS -1000 G	38, 99 zł	Smart! okazja	brak parametru	brak parametru	brak parametru	KFD	Wystawiam fakturę VAT	https://allegro.pl/oferta/kfd-naturalny-krem-biala-czekolada-kokos-1000-g-9219143830
ALLNUTRITION NUTLOVE 500 g KREM CRISPY COOKIE	29, 99 zł	-16%	brak parametru	brak parametru	brak parametru	ALLNUTRITION	Wystawiam fakturę VAT	https://allegro.pl/oferta/allnutrition-nutlove-500-g-krem-crispy-cookie-10048849652
ŚLIWKA SUSZONA 1kg ŚLIWKI suszone DUŻE smaczne	18, 90 zł	-24%	brak parametru	brak parametru	śliwki	inna	Wystawiam fakturę VAT	https://allegro.pl/oferta/sliwka-suszona-1kg-sliwki-suszone-duze-smaczne-6304555900
Daktyle Bez Pestek Słodkie Suszone 1kg Targroch	8, 99 zł	-35%	brak parametru	brak parametru	daktyle	Targroch	Wystawiam fakturę VAT	https://allegro.pl/oferta/daktyle-bez-pestek-slodkie-suszone-1kg-targroch-9401156974
